{"stats":{"fr":{"0":{"n":5.468292230703928,"sum":3.752462154246083},"1":{"n":6.730444057135753,"sum":4.435733302962191},"2":{"n":6.330483557869287,"sum":4.461848070635718},"3":{"n":8.22141338530555,"sum":5.929100871611111},"4":{"n":10.759646806014741,"sum":7.484988179892796},"5":{"n":5.654262448411611,"sum":4.014121022198146},"6":{"n":9.168929140106334,"sum":6.487311319074733},"7":{"n":6.065762063505607,"sum":4.25450491506535},"8":{"n":7.738744156835216,"sum":5.525297168668586},"9":{"n":4.293726307262904,"sum":2.826347622445593},"10":{"n":6.779727759644675,"sum":4.600039204354116},"11":{"n":6.737300657864512,"sum":4.539467907327002},"12":{"n":12.730404116829645,"sum":8.517598387979211},"13":{"n":5.713543304142916,"sum":3.7771396844661003},"14":{"n":4.851955186124561,"sum":3.2399485762973463},"15":{"n":7.685025672612865,"sum":5.28262816183704},"16":{"n":11.294815756892781,"sum":7.562634778729956},"17":{"n":6.131969393465645,"sum":4.122268222985358},"18":{"n":8.045323928565407,"sum":5.537197981382256},"19":{"n":4.436329924402779,"sum":3.0164040527995257},"20":{"n":9.215867349149987,"sum":6.438003060522288}},"lay":{"0":{"n":3.6475978474000277,"sum":2.5207178984110064},"1":{"n":6.478905797583253,"sum":4.451644800517165},"2":{"n":5.83158678955558,"sum":3.812023426220112},"3":{"n":5.65158871799446,"sum":3.875821000506672},"4":{"n":7.174434135667546,"sum":5.104137512756126},"5":{"n":7.734739546236507,"sum":5.381405153467869},"6":{"n":3.4230965584114443,"sum":2.2998123070811665},"7":{"n":6.907495461558423,"sum":4.958152366870337},"8":{"n":7.434914859280119,"sum":5.299731711292198},"9":{"n":6.4725860651622025,"sum":4.498427231323904},"10":{"n":2.9921992415822305,"sum":2.0359092160944896},"11":{"n":5.312408773757265,"sum":3.5304595099162683},"12":{"n":5.682696643174399,"sum":3.7792175668093},"13":{"n":6.787847733725675,"sum":4.174833505316922},"14":{"n":5.531273679062521,"sum":3.7280934772256544},"15":{"n":6.266167799073332,"sum":4.3334598869788925},"16":{"n":5.340603755129685,"sum":3.7632641505257096},"17":{"n":6.36181438571124,"sum":4.3699988802340055},"18":{"n":8.835120438292062,"sum":6.194159837399225},"19":{"n":3.678916315792696,"sum":2.7311119242614863},"20":{"n":7.801843280330765,"sum":5.328777026829613},"21":{"n":6.27971360086973,"sum":4.054910415514194},"22":{"n":4.879849547227504,"sum":3.353422254939401},"23":{"n":6.161205335048013,"sum":4.217463345143723},"24":{"n":4.49527892307883,"sum":3.035813771466426},"25":{"n":6.890081972141191,"sum":4.972276468378639}},"tx":{"0":{"n":28.19507156585626,"sum":19.552773068687486},"1":{"n":30.827921166229554,"sum":21.263698391617737},"2":{"n":32.29146273320615,"sum":21.665370323605146},"3":{"n":26.529274577993114,"sum":18.60542472053277},"4":{"n":36.21023715956161,"sum":24.717778141037375}},"ov":{"0":{"n":28.876179707941564,"sum":19.962209923142897},"1":{"n":22.40344471958531,"sum":15.327124011827529},"2":{"n":22.788908918896734,"sum":15.766559851593264},"3":{"n":29.324402980605537,"sum":19.907676215463493},"4":{"n":25.929908709468055,"sum":17.617136128526337},"5":{"n":24.731122166349504,"sum":17.224338514927}}},"simHist":{"n":154.05396720284668,"sum":105.80504464548049},"src":{"genOk":0,"genFail":10,"photoOk":93,"photoFail":0,"ts":1782890350147}}